,Sprem,Cprem,GCprem
MSE,0.697280481,0.711165825,0.631313477
HMSE,0.191897504,0.315604593,0.233943575
MAE,0.430349014,0.379967882,0.443812551
DIX,0,0.391831061,0
